ATAC,Human,nemo-tmp-nfb6uxq-atx-16082,JobIdGAF47VFS,2309_A05
ATAC,Macaque,nemo-tmp-n3x2fu5-atx-16042,JobIdAFFNME7F,2077_A02
GEX,Macaque,nemo-tmp-8yehpfy-mtx-12042,JobIdAFFNME7F,2077_A02
GEX,Macaque,nemo-tmp-32y3dpt-mtx-2080_240930,0,1224_A04
GEX,Macaque,nemo-tmp-32y3dpt-mtx-2080_240930,0,1222_A02
ATAC,Human,nemo-tmp-p5566zg-atx-16076,JobId03PZI0U4,2305_E01
GEX,Human,nemo-tmp-b3zzxsa-mtx-12076,JobId03PZI0U4,2305_E01
GEX,Human,nemo-tmp-n87bfqz-mtx-22008,JobId0PFK7T1M,2453_A02
ATAC,Human,nemo-tmp-gtboafk-atx-26008,JobId0PFK7T1M,2453_A02
GEX,Macaque,nemo-tmp-nac32w5-mtx-2063_240930,JobId1665V4S5,1106_A04
ATAC,Macaque,nemo-tmp-79ne8bf-atx-571_240930,JobId1665V4S5,1106_A04
ATAC,Human,nemo-tmp-usju7qe-atx-16080,JobId16K3IGUS,2326_E01
GEX,Human,nemo-tmp-utjmoiq-mtx-12080,JobId16K3IGUS,2326_E01
ATAC,Human,nemo-tmp-v88z7fi-atx-530_240930,JobId18ECBHMQ,822_B01
GEX,Human,nemo-tmp-c57hz4g-mtx-2024_240930,JobId18ECBHMQ,822_B01
ATAC,Macaque,nemo-tmp-hgdeg8j-atx-551_240930,JobId1BEWIUAL,980_A02
GEX,Macaque,nemo-tmp-xkcxbnt-mtx-2044_240930,JobId1BEWIUAL,980_A02
ATAC,Macaque,nemo-tmp-ferepkk-atx-16029,JobId1E7CW5DS,2019_C02
GEX,Macaque,nemo-tmp-tkwnwbm-mtx-12029,JobId1E7CW5DS,2019_C02
ATAC,Human,nemo-tmp-mu6mrbc-atx-26003,JobId1FKLS0JI,2372_B04
GEX,Human,nemo-tmp-vnompii-mtx-22003,JobId1FKLS0JI,2372_B04
ATAC,Macaque,nemo-tmp-ihadgw2-atx-541_240930,JobId1HEY05KO,911_E03
GEX,Macaque,nemo-tmp-79r3ggk-mtx-2034_240930,JobId1HEY05KO,911_E03
ATAC,Macaque,nemo-tmp-rsuhwqf-atx-531_240930,JobId1HG7UKYX,810_D02
GEX,Macaque,nemo-tmp-vtaprk9-mtx-2025_240930,JobId1HG7UKYX,810_D02
GEX,Human,nemo-tmp-j6wixbd-mtx-12028,JobId1JBYTQ2P,2013_C01
ATAC,Human,nemo-tmp-re9k4ha-atx-16028,JobId1JBYTQ2P,2013_C01
ATAC,Human,nemo-tmp-wcsvnzo-atx-26010,JobId1JQHFMU5,2471_A04
GEX,Human,nemo-tmp-mxhwwck-mtx-22010,JobId1JQHFMU5,2471_A04
GEX,Human,nemo-tmp-quqh6hx-mtx-22005,JobId1NRF2EBN,2414_A01
ATAC,Human,nemo-tmp-od645vk-atx-26005,JobId1NRF2EBN,2414_A01
ATAC,Human,nemo-tmp-ferepkk-atx-16029,JobId28CFPAJA,2018_D01
GEX,Human,nemo-tmp-tkwnwbm-mtx-12029,JobId28CFPAJA,2018_D01
ATAC,Macaque,nemo-tmp-9ufs6jm-atx-554_240930,JobId29QJBDTL,1001_C06
GEX,Macaque,nemo-tmp-cv9r4dg-mtx-2046_240930,JobId29QJBDTL,1001_C06
ATAC,Human,nemo-tmp-hdudcqi-atx-552_240930,JobId2GE73G25,988_C05
GEX,Human,nemo-tmp-vjcw3c2-mtx-2043_240930,JobId2GE73G25,988_C05
ATAC,Macaque,nemo-tmp-ow8rtj6-atx-542_240930,JobId2HBEIFJX,919_A06
GEX,Macaque,nemo-tmp-48jb983-mtx-2035_240930,JobId2HBEIFJX,919_A06
ATAC,Macaque,nemo-tmp-c3mporv-atx-16049,JobId2MGJS2AQ,2108_C07
GEX,Macaque,nemo-tmp-4pdng8t-mtx-12049,JobId2MGJS2AQ,2108_C07
ATAC,Human,nemo-tmp-3eenvgh-atx-16073,JobId2QYCW4L0,2289_D04
GEX,Human,nemo-tmp-mbv9sea-mtx-12073,JobId2QYCW4L0,2289_D04
ATAC,Human,nemo-tmp-3rgysjs-atx-16067,JobId2SVSGNPQ,2253_B01
GEX,Human,nemo-tmp-z7a5jdb-mtx-12067,JobId2SVSGNPQ,2253_B01
ATAC,Macaque,nemo-tmp-ihadgw2-atx-541_240930,JobId306UWNW6,911_C03
GEX,Macaque,nemo-tmp-79r3ggk-mtx-2034_240930,JobId306UWNW6,911_C03
GEX,Human,nemo-tmp-oed9eaj-mtx-22002,JobId3KYUG6RA,2362_A05
ATAC,Human,nemo-tmp-qa62kgx-atx-26002,JobId3KYUG6RA,2362_A05
GEX,Human,nemo-tmp-c7pisg4-mtx-22009,JobId3L60NDJF,2459_B05
ATAC,Human,nemo-tmp-hfddook-atx-26009,JobId3L60NDJF,2459_B05
ATAC,Macaque,nemo-tmp-fsbsdm2-atx-547_240930,JobId3T5MWCF7,948_D03
GEX,Macaque,nemo-tmp-u9bhy9z-mtx-2040_240930,JobId3T5MWCF7,948_D03
GEX,Human,nemo-tmp-tkinxuj-mtx-22014,JobId3TNFFZN1,2530_C02
ATAC,Human,nemo-tmp-ja6zqeh-atx-26014,JobId3TNFFZN1,2530_C02
GEX,Human,nemo-tmp-oed9eaj-mtx-22002,JobId3XA7U7JQ,2355_C02
ATAC,Human,nemo-tmp-qa62kgx-atx-26002,JobId3XA7U7JQ,2355_C02
ATAC,Human,nemo-tmp-wcsvnzo-atx-26010,JobId3XDUIIGH,2468_F02
GEX,Human,nemo-tmp-mxhwwck-mtx-22010,JobId3XDUIIGH,2468_F02
GEX,Human,nemo-tmp-hcv77z4-mtx-12022,JobId42ZTYQUK,1959_C02
ATAC,Human,nemo-tmp-mcoddzo-atx-16022,JobId42ZTYQUK,1959_C02
GEX,Human,nemo-tmp-jt7ufhj-mtx-12069,JobId43VFBG3H,2263_C01
ATAC,Human,nemo-tmp-fxm4kk7-atx-16069,JobId43VFBG3H,2263_C01
ATAC,Human,nemo-tmp-cfekzf5-atx-16037,JobId4F9CQAIK,2058_C03
GEX,Human,nemo-tmp-7evdms4-mtx-12037,JobId4F9CQAIK,2058_C03
GEX,Human,nemo-tmp-fajoicx-mtx-12082,JobId4G59CH2U,2344_A05
ATAC,Human,nemo-tmp-nfb6uxq-atx-16082,JobId4G59CH2U,2344_A05
GEX,Macaque,nemo-tmp-s5iqo4t-mtx-12048,JobId4PMZYVH5,2103_E02
ATAC,Macaque,nemo-tmp-b5f5kga-atx-16048,JobId4PMZYVH5,2103_E02
GEX,Macaque,nemo-tmp-564pw5k-mtx-12030,JobId4SIKZIPJ,2026_B08
ATAC,Macaque,nemo-tmp-awo2s6x-atx-16030,JobId4SIKZIPJ,2026_B08
GEX,Macaque,nemo-tmp-gsmddiz-mtx-2038_240930,JobId4ZSTWG6Y,936_A03
ATAC,Macaque,nemo-tmp-484nrzt-atx-546_240930,JobId4ZSTWG6Y,936_A03
GEX,Macaque,nemo-tmp-i765csf-mtx-2056_240930,JobId519HYIXA,1061_A04
ATAC,Macaque,nemo-tmp-cpct4fm-atx-564_240930,JobId519HYIXA,1061_A04
ATAC,Human,nemo-tmp-7wc6a54-atx-16068,JobId59HMUBEA,2256_C03
GEX,Human,nemo-tmp-sjdgvv3-mtx-12068,JobId59HMUBEA,2256_C03
GEX,Human,nemo-tmp-co35qvj-mtx-12077,JobId5ACYB940,2306_C02
ATAC,Human,nemo-tmp-aq6vwpp-atx-16077,JobId5ACYB940,2306_C02
ATAC,Macaque,nemo-tmp-pc87oku-atx-16041,JobId5CLBYIGW,2074_A09
GEX,Macaque,nemo-tmp-hxt8y9j-mtx-12041,JobId5CLBYIGW,2074_A09
ATAC,Macaque,nemo-tmp-hdudcqi-atx-552_240930,JobId5J8PEPTE,988_A05
GEX,Macaque,nemo-tmp-vjcw3c2-mtx-2043_240930,JobId5J8PEPTE,988_A05
ATAC,Human,nemo-tmp-9ufs6jm-atx-554_240930,JobId5KFIAORK,1001_B06
GEX,Human,nemo-tmp-cv9r4dg-mtx-2046_240930,JobId5KFIAORK,1001_B06
ATAC,Human,nemo-tmp-sma7h7y-atx-16075,JobId5MRYOHHC,2295_C02
GEX,Human,nemo-tmp-txbizv9-mtx-12075,JobId5MRYOHHC,2295_C02
ATAC,Human,nemo-tmp-mu6mrbc-atx-26003,JobId5S80KNRN,2372_A04
GEX,Human,nemo-tmp-vnompii-mtx-22003,JobId5S80KNRN,2372_A04
ATAC,Human,nemo-tmp-cg4rszm-atx-544_240930,JobId5TBAA3VJ,930_F05
GEX,Human,nemo-tmp-vizdo6g-mtx-2037_240930,JobId5TBAA3VJ,930_F05
ATAC,Human,nemo-tmp-78ftm8n-atx-16065,JobId63Y75F4S,2235_F03
GEX,Human,nemo-tmp-edrop6p-mtx-12065,JobId63Y75F4S,2235_F03
ATAC,Macaque,nemo-tmp-f7p3sez-atx-524_240930,JobId659PQVCD,774_A06
GEX,Macaque,nemo-tmp-s8rbsyn-mtx-2019_240930,JobId659PQVCD,774_A06
ATAC,Human,nemo-tmp-ferepkk-atx-16029,JobId65W0JQB6,2016_B03
GEX,Human,nemo-tmp-tkwnwbm-mtx-12029,JobId65W0JQB6,2016_B03
GEX,Human,nemo-tmp-fajoicx-mtx-12082,JobId67VOBN8H,2349_A08
ATAC,Human,nemo-tmp-nfb6uxq-atx-16082,JobId67VOBN8H,2349_A08
ATAC,Human,nemo-tmp-i69ivet-atx-596_240930,JobId6A4K3V14,1279_B07
GEX,Human,nemo-tmp-kdpai5e-mtx-2088_240930,JobId6A4K3V14,1279_B07
GEX,Human,nemo-tmp-tkinxuj-mtx-22014,JobId6F8VQBJF,2526_F01
ATAC,Human,nemo-tmp-ja6zqeh-atx-26014,JobId6F8VQBJF,2526_F01
GEX,Human,nemo-tmp-ftcjytu-mtx-12063,JobId6G2QEKHN,2229_B06
ATAC,Human,nemo-tmp-oh8hzcv-atx-16063,JobId6G2QEKHN,2229_B06
GEX,Human,nemo-tmp-oed9eaj-mtx-22002,JobId6IJTLEOU,2355_A02
ATAC,Human,nemo-tmp-qa62kgx-atx-26002,JobId6IJTLEOU,2355_A02
ATAC,Macaque,nemo-tmp-bs2qxz6-atx-549_240930,JobId6K9SHD3U,954_C06
GEX,Macaque,nemo-tmp-rihkizf-mtx-2041_240930,JobId6K9SHD3U,954_C06
ATAC,Macaque,nemo-tmp-scuopms-atx-548_240930,JobId6TDJ7LXC,948_C03
GEX,Macaque,nemo-tmp-u9bhy9z-mtx-2040_240930,JobId6TDJ7LXC,948_C03
GEX,Human,nemo-tmp-b45iqgv-mtx-22011,JobId6W69YQNY,2479_A08
ATAC,Human,nemo-tmp-urxz6uq-atx-26011,JobId6W69YQNY,2479_A08
GEX,Macaque,nemo-tmp-gsmddiz-mtx-2038_240930,JobId6ZTI0UZO,936_D03
ATAC,Macaque,nemo-tmp-484nrzt-atx-546_240930,JobId6ZTI0UZO,936_D03
ATAC,Human,nemo-tmp-p5566zg-atx-16076,JobId73DL51LX,2306_B02
GEX,Human,nemo-tmp-b3zzxsa-mtx-12076,JobId73DL51LX,2306_B02
ATAC,Human,nemo-tmp-ferepkk-atx-16029,JobId7IAGY56X,2018_E01
GEX,Human,nemo-tmp-tkwnwbm-mtx-12029,JobId7IAGY56X,2018_E01
ATAC,Human,nemo-tmp-t3evm2x-atx-26015,JobId7JXECX1F,2540_A02
GEX,Human,nemo-tmp-vix475k-mtx-22015,JobId7JXECX1F,2540_A02
GEX,Human,nemo-tmp-j6wixbd-mtx-12028,JobId7M78NWTB,2016_A03
ATAC,Human,nemo-tmp-re9k4ha-atx-16028,JobId7M78NWTB,2016_A03
ATAC,Macaque,nemo-tmp-ferepkk-atx-16029,JobId7N4H8JL2,2021_C04
GEX,Macaque,nemo-tmp-tkwnwbm-mtx-12029,JobId7N4H8JL2,2021_C04
ATAC,Macaque,nemo-tmp-ihadgw2-atx-541_240930,JobId7P8H067N,911_A03
GEX,Macaque,nemo-tmp-79r3ggk-mtx-2034_240930,JobId7P8H067N,911_A03
GEX,Human,nemo-tmp-oed9eaj-mtx-22002,JobId8DJ22W87,2357_A03
ATAC,Human,nemo-tmp-qa62kgx-atx-26002,JobId8DJ22W87,2357_A03
GEX,Human,nemo-tmp-oed9eaj-mtx-22002,JobId8FWFQ5DX,2349_B08
ATAC,Human,nemo-tmp-qa62kgx-atx-26002,JobId8FWFQ5DX,2349_B08
ATAC,Macaque,nemo-tmp-fsbsdm2-atx-547_240930,JobId8LEIT78Y,954_A06
GEX,Macaque,nemo-tmp-u9bhy9z-mtx-2040_240930,JobId8LEIT78Y,954_A06
GEX,Human,nemo-tmp-hcv77z4-mtx-12022,JobId8LW4VPUZ,1959_A02
ATAC,Human,nemo-tmp-mcoddzo-atx-16022,JobId8LW4VPUZ,1959_A02
ATAC,Human,nemo-tmp-wcsvnzo-atx-26010,JobId8TKH52QT,2474_B05
GEX,Human,nemo-tmp-mxhwwck-mtx-22010,JobId8TKH52QT,2474_B05
ATAC,Human,nemo-tmp-sma7h7y-atx-16075,JobId8UF6POSW,2295_D02
GEX,Human,nemo-tmp-txbizv9-mtx-12075,JobId8UF6POSW,2295_D02
GEX,Human,nemo-tmp-yv48pvr-mtx-12071,JobId93TOBXTT,2278_A05
ATAC,Human,nemo-tmp-ubd74pb-atx-16071,JobId93TOBXTT,2278_A05
ATAC,Macaque,nemo-tmp-hgdeg8j-atx-551_240930,JobId93VK1LZZ,980_B02
GEX,Macaque,nemo-tmp-xkcxbnt-mtx-2044_240930,JobId93VK1LZZ,980_B02
GEX,Macaque,nemo-tmp-564pw5k-mtx-12030,JobId93Y3PUM5,2028_A01
ATAC,Macaque,nemo-tmp-awo2s6x-atx-16030,JobId93Y3PUM5,2028_A01
GEX,Human,nemo-tmp-rcr7ow9-mtx-2027_240930,JobId95CSEPCW,847_D04
ATAC,Human,nemo-tmp-dof8dj2-atx-532_240930,JobId95CSEPCW,847_D04
GEX,Macaque,nemo-ingestqa-q9um3kw,JobId95PDIEGE,1750_A01
ATAC,Macaque,nemo-tmp-c2zyie7-atx-16002,JobId95PDIEGE,1750_A01
ATAC,Human,nemo-tmp-3rgysjs-atx-16067,JobId9GL8XLCT,2245_B02
GEX,Human,nemo-tmp-z7a5jdb-mtx-12067,JobId9GL8XLCT,2245_B02
GEX,Human,nemo-tmp-fajoicx-mtx-12082,JobId9NWK6EAW,2346_B06
ATAC,Human,nemo-tmp-nfb6uxq-atx-16082,JobId9NWK6EAW,2346_B06
ATAC,Human,nemo-tmp-t4o8gu2-atx-560_240930,JobId9SWUN5MN,1042_C06
GEX,Human,nemo-tmp-grjkufn-mtx-2052_240930,JobId9SWUN5MN,1042_C06
ATAC,Human,nemo-tmp-mu6mrbc-atx-26003,JobIdA5XX3R5N,2370_B03
GEX,Human,nemo-tmp-vnompii-mtx-22003,JobIdA5XX3R5N,2370_B03
ATAC,Human,nemo-tmp-ux54bh5-atx-619_240930,JobIdA60QEFOP,1468_A09
GEX,Human,nemo-tmp-2krm8xz-mtx-2111_240930,JobIdA60QEFOP,1468_A09
ATAC,Human,nemo-tmp-sq9iabi-atx-26013,JobIdA7KXH3P6,2511_A02
GEX,Human,nemo-tmp-jvqgwe3-mtx-22013,JobIdA7KXH3P6,2511_A02
ATAC,Human,nemo-tmp-3eenvgh-atx-16073,JobIdAC76D0NA,2289_E04
GEX,Human,nemo-tmp-mbv9sea-mtx-12073,JobIdAC76D0NA,2289_E04
ATAC,Macaque,nemo-tmp-g86d92s-atx-644,JobIdAOLEM2EG,1711_B03
GEX,Macaque,nemo-tmp-ocf8xzg-mtx-2136,JobIdAOLEM2EG,1711_B03
GEX,Macaque,nemo-ingestqa-q9um3kw,JobIdAQ4MLQ3S,1750_B01
ATAC,Macaque,nemo-tmp-c2zyie7-atx-16002,JobIdAQ4MLQ3S,1750_B01
ATAC,Macaque,nemo-tmp-scuopms-atx-548_240930,JobIdAR5NXD2Y,942_B05
GEX,Macaque,nemo-tmp-zzhofih-mtx-2039_240930,JobIdAR5NXD2Y,942_B05
ATAC,Human,nemo-tmp-hgdeg8j-atx-551_240930,JobIdAUJK40C1,980_C02
GEX,Human,nemo-tmp-xkcxbnt-mtx-2044_240930,JobIdAUJK40C1,980_C02
ATAC,Human,nemo-tmp-eyyykmn-atx-621_240930,JobIdAZL9T1IT,1477_A07
GEX,Human,nemo-tmp-imzpw9a-mtx-2113_240930,JobIdAZL9T1IT,1477_A07
GEX,Human,nemo-tmp-ktjxwkg-mtx-2028_240930,JobIdB2AZVI3E,858_D03
ATAC,Human,nemo-tmp-gscve9p-atx-533_240930,JobIdB2AZVI3E,858_D03
ATAC,Human,nemo-tmp-wcsvnzo-atx-26010,JobIdB783T78O,2471_B04
GEX,Human,nemo-tmp-mxhwwck-mtx-22010,JobIdB783T78O,2471_B04
ATAC,Macaque,nemo-tmp-n3x2fu5-atx-16042,JobIdBCMY7EYW,2077_E02
GEX,Macaque,nemo-tmp-8yehpfy-mtx-12042,JobIdBCMY7EYW,2077_E02
ATAC,Human,nemo-tmp-p5566zg-atx-16076,JobIdBD4EF50V,2305_A01
GEX,Human,nemo-tmp-b3zzxsa-mtx-12076,JobIdBD4EF50V,2305_A01
ATAC,Macaque,nemo-tmp-mzqn2vy-atx-527_240930,JobIdBGUKR6AV,795.1_A06
GEX,Macaque,nemo-tmp-72uuq2d-mtx-2022_240930,JobIdBGUKR6AV,795.1_A06
GEX,Human,nemo-tmp-j6wixbd-mtx-12028,JobIdBKVQ2MBS,2018_B01
ATAC,Human,nemo-tmp-re9k4ha-atx-16028,JobIdBKVQ2MBS,2018_B01
GEX,Human,nemo-tmp-tkinxuj-mtx-22014,JobIdBOOFOP2I,2513_C04
ATAC,Human,nemo-tmp-ja6zqeh-atx-26014,JobIdBOOFOP2I,2513_C04
ATAC,Human,nemo-tmp-cfekzf5-atx-16037,JobIdBS37W34N,2058_B03
GEX,Human,nemo-tmp-7evdms4-mtx-12037,JobIdBS37W34N,2058_B03
GEX,Human,nemo-tmp-jfxtjf7-mtx-22012,JobIdBSMTD5N4,2495_A08
ATAC,Human,nemo-tmp-ahdpd8f-atx-26012,JobIdBSMTD5N4,2495_A08
ATAC,Human,nemo-tmp-vd9om9p-atx-16064,JobIdC189Y5R9,2233_B02
GEX,Human,nemo-tmp-na5guth-mtx-12064,JobIdC189Y5R9,2233_B02
ATAC,Human,nemo-tmp-wcsvnzo-atx-26010,JobIdCG76UC2J,2468_D02
GEX,Human,nemo-tmp-mxhwwck-mtx-22010,JobIdCG76UC2J,2468_D02
GEX,Human,nemo-tmp-n87bfqz-mtx-22008,JobIdCQZJ5L9O,2448_A07
ATAC,Human,nemo-tmp-gtboafk-atx-26008,JobIdCQZJ5L9O,2448_A07
ATAC,Macaque,nemo-tmp-zbe8dyc-atx-561_240930,JobIdCY5AR8FO,1054_A09
GEX,Macaque,nemo-tmp-eakyykv-mtx-2055_240930,JobIdCY5AR8FO,1054_A09
ATAC,Macaque,nemo-tmp-g86d92s-atx-644,JobIdD22YS86Z,1718_A01
GEX,Macaque,nemo-tmp-ocf8xzg-mtx-2136,JobIdD22YS86Z,1718_A01
GEX,Macaque,nemo-ingestqa-q9um3kw,JobIdD4VE8FCR,1748_A04
ATAC,Macaque,nemo-tmp-c2zyie7-atx-16002,JobIdD4VE8FCR,1748_A04
ATAC,Macaque,nemo-tmp-v88z7fi-atx-530_240930,JobIdD7PKI2WR,810_A02
GEX,Macaque,nemo-tmp-c57hz4g-mtx-2024_240930,JobIdD7PKI2WR,810_A02
GEX,Human,nemo-tmp-j6wixbd-mtx-12028,JobIdDJLD2F80,2018_A01
ATAC,Human,nemo-tmp-re9k4ha-atx-16028,JobIdDJLD2F80,2018_A01
GEX,Macaque,nemo-tmp-564pw5k-mtx-12030,JobIdDT3RA8P0,2026_A08
ATAC,Macaque,nemo-tmp-awo2s6x-atx-16030,JobIdDT3RA8P0,2026_A08
ATAC,Human,nemo-tmp-9miczas-atx-16027,JobIdE3KW9738,2013_A01
GEX,Human,nemo-tmp-jt7on96-mtx-12027,JobIdE3KW9738,2013_A01
ATAC,Human,nemo-tmp-zgii6rb-atx-26004,JobIdE4LNPY0F,2393_C06
GEX,Human,nemo-tmp-qqb3njp-mtx-22004,JobIdE4LNPY0F,2393_C06
GEX,Macaque,nemo-ingestqa-d4xvybx,JobIdE7SVUK2Q,1751_A02
ATAC,Macaque,nemo-ingestqa-hrmfmgj,JobIdE7SVUK2Q,1751_A02
ATAC,Human,nemo-tmp-wcsvnzo-atx-26010,JobIdEH513D6G,2468_E02
GEX,Human,nemo-tmp-mxhwwck-mtx-22010,JobIdEH513D6G,2468_E02
ATAC,Macaque,nemo-tmp-r86pufh-atx-586_240930,JobIdET91259X,1215_A07
GEX,Macaque,nemo-tmp-8oznjpb-mtx-2078_240930,JobIdET91259X,1215_A07
GEX,Human,nemo-tmp-fajoicx-mtx-12082,JobIdF4H3JFX9,2349_C08
ATAC,Human,nemo-tmp-nfb6uxq-atx-16082,JobIdF4H3JFX9,2349_C08
ATAC,Human,nemo-tmp-sq9iabi-atx-26013,JobIdFF417448,2508_A07
GEX,Human,nemo-tmp-jvqgwe3-mtx-22013,JobIdFF417448,2508_A07
GEX,Human,nemo-tmp-jfxtjf7-mtx-22012,JobIdFGJVBGTG,2495_B08
ATAC,Human,nemo-tmp-ahdpd8f-atx-26012,JobIdFGJVBGTG,2495_B08
ATAC,Human,nemo-tmp-zdriser-atx-567_240930,JobIdFP5XUPOK,1075_B04
GEX,Human,nemo-tmp-mdgba2g-mtx-2059_240930,JobIdFP5XUPOK,1075_B04
ATAC,Macaque,nemo-tmp-ferepkk-atx-16029,JobIdFVEHZEDR,2019_B02
GEX,Macaque,nemo-tmp-tkwnwbm-mtx-12029,JobIdFVEHZEDR,2019_B02
GEX,Human,nemo-tmp-c7pisg4-mtx-22009,JobIdG69MGJY2,2459_A05
ATAC,Human,nemo-tmp-hfddook-atx-26009,JobIdG69MGJY2,2459_A05
GEX,Human,nemo-tmp-co35qvj-mtx-12077,JobIdGAF47VFS,2309_A05
ATAC,Macaque,nemo-tmp-rsuhwqf-atx-531_240930,JobIdGEM6NZ36,810_F02
GEX,Macaque,nemo-tmp-vtaprk9-mtx-2025_240930,JobIdGEM6NZ36,810_F02
GEX,Human,nemo-tmp-uymn2ny-mtx-2026_240930,JobIdGFJIRFGI,847_C04
ATAC,Human,nemo-tmp-dof8dj2-atx-532_240930,JobIdGFJIRFGI,847_C04
ATAC,Human,nemo-tmp-mu6mrbc-atx-26003,JobIdGH0FTHHR,2368_A02
GEX,Human,nemo-tmp-vnompii-mtx-22003,JobIdGH0FTHHR,2368_A02
ATAC,Human,nemo-tmp-hdudcqi-atx-552_240930,JobIdGHNILC2B,988_D05
GEX,Human,nemo-tmp-vjcw3c2-mtx-2043_240930,JobIdGHNILC2B,988_D05
ATAC,Human,nemo-tmp-7wc6a54-atx-16068,JobIdGK5ICG9S,2256_A03
GEX,Human,nemo-tmp-sjdgvv3-mtx-12068,JobIdGK5ICG9S,2256_A03
GEX,Human,nemo-tmp-fajoicx-mtx-12082,JobIdGMDPD9BC,2341_C02
ATAC,Human,nemo-tmp-nfb6uxq-atx-16082,JobIdGMDPD9BC,2341_C02
GEX,Human,nemo-tmp-tkinxuj-mtx-22014,JobIdGRRBWCEA,2517_B05
ATAC,Human,nemo-tmp-ja6zqeh-atx-26014,JobIdGRRBWCEA,2517_B05
ATAC,Human,nemo-tmp-zgii6rb-atx-26004,JobIdGWD1TPHB,2389_A04
GEX,Human,nemo-tmp-qqb3njp-mtx-22004,JobIdGWD1TPHB,2389_A04
ATAC,Human,nemo-tmp-mu6mrbc-atx-26003,JobIdGXJFQDLX,2368_C02
GEX,Human,nemo-tmp-vnompii-mtx-22003,JobIdGXJFQDLX,2368_C02
ATAC,Macaque,nemo-tmp-2j3v5nz-atx-539_240930,JobIdGXVTEXIZ,897_A03
GEX,Macaque,nemo-tmp-e6aivba-mtx-2033_240930,JobIdGXVTEXIZ,897_A03
ATAC,Macaque,nemo-tmp-6gh9xvq-atx-645,JobIdH0TG9JAC,1724_B06
GEX,Macaque,nemo-tmp-qxgcsac-mtx-2137,JobIdH0TG9JAC,1724_B06
ATAC,Macaque,nemo-tmp-cfekzf5-atx-16037,JobIdH53VQ080,2056_B01
GEX,Macaque,nemo-tmp-7evdms4-mtx-12037,JobIdH53VQ080,2056_B01
ATAC,Macaque,nemo-tmp-ihadgw2-atx-541_240930,JobIdH5YFESDM,911_F03
GEX,Macaque,nemo-tmp-48jb983-mtx-2035_240930,JobIdH5YFESDM,911_F03
ATAC,Human,nemo-tmp-wcsvnzo-atx-26010,JobIdH7P0KI88,2474_C05
GEX,Human,nemo-tmp-mxhwwck-mtx-22010,JobIdH7P0KI88,2474_C05
ATAC,Human,nemo-tmp-zxcmaem-atx-559_240930,JobIdHCRAVOCG,1036_B03
GEX,Human,nemo-tmp-b9jymr6-mtx-2051_240930,JobIdHCRAVOCG,1036_B03
ATAC,Human,nemo-tmp-3eenvgh-atx-16073,JobIdHEJ7WQ9W,2289_F04
GEX,Human,nemo-tmp-mbv9sea-mtx-12073,JobIdHEJ7WQ9W,2289_F04
ATAC,Human,nemo-tmp-usju7qe-atx-16080,JobIdHFIW1T1N,2317_B05
GEX,Human,nemo-tmp-utjmoiq-mtx-12080,JobIdHFIW1T1N,2317_B05
GEX,Human,nemo-tmp-jfxtjf7-mtx-22012,JobIdHYV3XDPG,2495_1_D08
ATAC,Human,nemo-tmp-ahdpd8f-atx-26012,JobIdHYV3XDPG,2495_1_D08
ATAC,Human,nemo-tmp-sq9iabi-atx-26013,JobIdI4EX624S,2508_B07
GEX,Human,nemo-tmp-jvqgwe3-mtx-22013,JobIdI4EX624S,2508_B07
GEX,Human,nemo-tmp-aibhv72-mtx-12079,JobIdIB0FNZF3,2317_C05
ATAC,Human,nemo-tmp-fb6aed4-atx-16079,JobIdIB0FNZF3,2317_C05
GEX,Human,nemo-tmp-c7pisg4-mtx-22009,JobIdIO1HBITY,2459_C05
ATAC,Human,nemo-tmp-hfddook-atx-26009,JobIdIO1HBITY,2459_C05
ATAC,Human,nemo-tmp-t4o8gu2-atx-560_240930,JobIdIPQROWYF,1042_A06
GEX,Human,nemo-tmp-grjkufn-mtx-2052_240930,JobIdIPQROWYF,1042_A06
GEX,Human,nemo-tmp-n87bfqz-mtx-22008,JobIdIQ1T5Z6Q,2453_F02
ATAC,Human,nemo-tmp-gtboafk-atx-26008,JobIdIQ1T5Z6Q,2453_F02
ATAC,Human,nemo-tmp-t3evm2x-atx-26015,JobIdIVJ2HO62,2540_C02
GEX,Human,nemo-tmp-vix475k-mtx-22015,JobIdIVJ2HO62,2540_C02
GEX,Human,nemo-tmp-j6wixbd-mtx-12028,JobIdIXACD7XG,2016_C03
ATAC,Human,nemo-tmp-re9k4ha-atx-16028,JobIdIXACD7XG,2016_C03
GEX,Macaque,nemo-tmp-3j7ngyh-mtx-2057_240930,JobIdIXGTDDWB,1068_A07
ATAC,Macaque,nemo-tmp-tf7dxqn-atx-565_240930,JobIdIXGTDDWB,1068_A07
ATAC,Human,nemo-tmp-t3evm2x-atx-26015,JobIdJ405GUBX,2526_D01
GEX,Human,nemo-tmp-vix475k-mtx-22015,JobIdJ405GUBX,2526_D01
GEX,Human,nemo-tmp-rcr7ow9-mtx-2027_240930,JobIdJ9GL23ZC,847_A04
ATAC,Human,nemo-tmp-dof8dj2-atx-532_240930,JobIdJ9GL23ZC,847_A04
ATAC,Human,nemo-tmp-p5566zg-atx-16076,JobIdJ9V98UQY,2305_F01
GEX,Human,nemo-tmp-b3zzxsa-mtx-12076,JobIdJ9V98UQY,2305_F01
GEX,Macaque,nemo-tmp-2dm4xa4-mtx-12035,JobIdJD0IQJBO,2052_A06
ATAC,Macaque,nemo-tmp-62vv8q9-atx-16035,JobIdJD0IQJBO,2052_A06
ATAC,Macaque,nemo-tmp-a6qf6qj-atx-588_240930,JobIdJFETTOKE,1224_A04
ATAC,Macaque,nemo-tmp-vuqbpah-atx-585_240930,JobIdJG7RR2SX,1199_A06
GEX,Macaque,nemo-tmp-t8bfbp2-mtx-2077_240930,JobIdJG7RR2SX,1199_A06
ATAC,Human,nemo-tmp-a2q9jv9-atx-590_240930,JobIdJGLVWEKH,1233_A02
GEX,Human,nemo-tmp-jydgqht-mtx-2082_240930,JobIdJGLVWEKH,1233_A02
ATAC,Human,nemo-tmp-zgii6rb-atx-26004,JobIdJJMYWDW9,2386_A02
GEX,Human,nemo-tmp-qqb3njp-mtx-22004,JobIdJJMYWDW9,2386_A02
GEX,Human,nemo-tmp-b45iqgv-mtx-22011,JobIdJWFTES94,2479_B08
ATAC,Human,nemo-tmp-urxz6uq-atx-26011,JobIdJWFTES94,2479_B08
ATAC,Macaque,nemo-tmp-g86d92s-atx-644,JobIdJZN01T3O,1718_B01
GEX,Macaque,nemo-tmp-ocf8xzg-mtx-2136,JobIdJZN01T3O,1718_B01
ATAC,Human,nemo-tmp-ux54bh5-atx-619_240930,JobIdK0052HDA,1458_A09
GEX,Human,nemo-tmp-2krm8xz-mtx-2111_240930,JobIdK0052HDA,1458_A09
ATAC,Macaque,nemo-tmp-bs2qxz6-atx-549_240930,JobIdK0O2VXZY,954_B06
GEX,Macaque,nemo-tmp-rihkizf-mtx-2041_240930,JobIdK0O2VXZY,954_B06
GEX,Human,nemo-tmp-vizdo6g-mtx-2037_240930,JobIdK32P2V6E,930_C05
ATAC,Human,nemo-tmp-jm7a5dz-atx-543_240930,JobIdK32P2V6E,930_C05
ATAC,Human,nemo-tmp-9miczas-atx-16027,JobIdK4WXZ07T,2006_B05
GEX,Human,nemo-tmp-jt7on96-mtx-12027,JobIdK4WXZ07T,2006_B05
GEX,Human,nemo-tmp-vizdo6g-mtx-2037_240930,JobIdK8GH3UMH,930_B05
ATAC,Human,nemo-tmp-jm7a5dz-atx-543_240930,JobIdK8GH3UMH,930_B05
GEX,Human,nemo-tmp-jisbs54-mtx-12070,JobIdK91PXNZH,2271_C08
ATAC,Human,nemo-tmp-rhvb43m-atx-16070,JobIdK91PXNZH,2271_C08
GEX,Human,nemo-tmp-tkinxuj-mtx-22014,JobIdKA616JF9,2530_B02
ATAC,Human,nemo-tmp-ja6zqeh-atx-26014,JobIdKA616JF9,2530_B02
ATAC,Macaque,nemo-tmp-a6qf6qj-atx-588_240930,JobIdKC6RKU5Q,1222_A02
GEX,Human,nemo-tmp-jt7ufhj-mtx-12069,JobIdKFVH7N1U,2263_D01
ATAC,Human,nemo-tmp-fxm4kk7-atx-16069,JobIdKFVH7N1U,2263_D01
GEX,Human,nemo-tmp-uymn2ny-mtx-2026_240930,JobIdKKTDIYAH,847_B04
ATAC,Human,nemo-tmp-dof8dj2-atx-532_240930,JobIdKKTDIYAH,847_B04
GEX,Human,nemo-tmp-tkinxuj-mtx-22014,JobIdKLIJXBAS,2526_B01
ATAC,Human,nemo-tmp-ja6zqeh-atx-26014,JobIdKLIJXBAS,2526_B01
ATAC,Human,nemo-tmp-sma7h7y-atx-16075,JobIdKLS34FII,2295_E02
GEX,Human,nemo-tmp-txbizv9-mtx-12075,JobIdKLS34FII,2295_E02
ATAC,Human,nemo-tmp-v88z7fi-atx-530_240930,JobIdLGPA7097,822_A01
GEX,Human,nemo-tmp-c57hz4g-mtx-2024_240930,JobIdLGPA7097,822_A01
ATAC,Human,nemo-tmp-2j3v5nz-atx-539_240930,JobIdLJENMLDH,897_E03
GEX,Human,nemo-tmp-e6aivba-mtx-2033_240930,JobIdLJENMLDH,897_E03
GEX,Human,nemo-tmp-pgvfc33-mtx-12078,JobIdLLU99U2Q,2314_F02
ATAC,Human,nemo-tmp-o54kbs6-atx-16078,JobIdLLU99U2Q,2314_F02
GEX,Human,nemo-tmp-tkinxuj-mtx-22014,JobIdLNALG9AR,2523_C07
ATAC,Human,nemo-tmp-ja6zqeh-atx-26014,JobIdLNALG9AR,2523_C07
ATAC,Human,nemo-tmp-cg4rszm-atx-544_240930,JobIdLQ1BP4D9,930_D05
GEX,Human,nemo-tmp-vizdo6g-mtx-2037_240930,JobIdLQ1BP4D9,930_D05
ATAC,Human,nemo-tmp-rmqek7b-atx-569_240930,JobIdLRNCL3SV,1091_A05
GEX,Human,nemo-tmp-nhuiss3-mtx-2061_240930,JobIdLRNCL3SV,1091_A05
ATAC,Macaque,nemo-tmp-mzqn2vy-atx-527_240930,JobIdLU0XQ713,795.1_B06
GEX,Macaque,nemo-tmp-72uuq2d-mtx-2022_240930,JobIdLU0XQ713,795.1_B06
ATAC,Macaque,nemo-tmp-pc87oku-atx-16041,JobIdLU5U6LM5,2072_C07
GEX,Macaque,nemo-tmp-hxt8y9j-mtx-12041,JobIdLU5U6LM5,2072_C07
GEX,Human,nemo-tmp-oed9eaj-mtx-22002,JobIdLVTI7TKJ,2357_D03
ATAC,Human,nemo-tmp-qa62kgx-atx-26002,JobIdLVTI7TKJ,2357_D03
ATAC,Human,nemo-tmp-vd9om9p-atx-16064,JobIdLY3PXDA9,2229_D06
GEX,Human,nemo-tmp-na5guth-mtx-12064,JobIdLY3PXDA9,2229_D06
ATAC,Human,nemo-tmp-wcsvnzo-atx-26010,JobIdLZ7XMXQ0,2474_A05
GEX,Human,nemo-tmp-mxhwwck-mtx-22010,JobIdLZ7XMXQ0,2474_A05
GEX,Macaque,nemo-tmp-gsmddiz-mtx-2038_240930,JobIdLZX64GYD,942_A05
ATAC,Macaque,nemo-tmp-484nrzt-atx-546_240930,JobIdLZX64GYD,942_A05
GEX,Human,nemo-tmp-yv48pvr-mtx-12071,JobIdM3NH7VD3,2275_D02
ATAC,Human,nemo-tmp-ubd74pb-atx-16071,JobIdM3NH7VD3,2275_D02
ATAC,Human,nemo-tmp-vd9om9p-atx-16064,JobIdM4JPFE86,2229_C06
GEX,Human,nemo-tmp-na5guth-mtx-12064,JobIdM4JPFE86,2229_C06
GEX,Human,nemo-tmp-fajoicx-mtx-12082,JobIdM9EDNLYE,2346_C06
ATAC,Human,nemo-tmp-nfb6uxq-atx-16082,JobIdM9EDNLYE,2346_C06
GEX,Human,nemo-tmp-j6wixbd-mtx-12028,JobIdMBXFKEJG,2012_C05
ATAC,Human,nemo-tmp-re9k4ha-atx-16028,JobIdMBXFKEJG,2012_C05
GEX,Human,nemo-tmp-fajoicx-mtx-12082,JobIdMD09C03W,2346_A06
ATAC,Human,nemo-tmp-nfb6uxq-atx-16082,JobIdMD09C03W,2346_A06
GEX,Human,nemo-tmp-uymn2ny-mtx-2026_240930,JobIdML7T4NF0,853_A07
ATAC,Human,nemo-tmp-dof8dj2-atx-532_240930,JobIdML7T4NF0,853_A07
GEX,Human,nemo-tmp-yv48pvr-mtx-12071,JobIdMPUUKY1X,2278_B05
ATAC,Human,nemo-tmp-ubd74pb-atx-16071,JobIdMPUUKY1X,2278_B05
ATAC,Macaque,nemo-tmp-79ne8bf-atx-571_240930,JobIdMV1FHRTH,1106_B04
GEX,Macaque,nemo-tmp-8rinctp-mtx-2064_240930,JobIdMV1FHRTH,1106_B04
ATAC,Human,nemo-tmp-78ftm8n-atx-16065,JobIdMVZEDH4R,2235_B03
GEX,Human,nemo-tmp-edrop6p-mtx-12065,JobIdMVZEDH4R,2235_B03
ATAC,Macaque,nemo-tmp-hdudcqi-atx-552_240930,JobIdMXZYAD90,988_B05
GEX,Macaque,nemo-tmp-vjcw3c2-mtx-2043_240930,JobIdMXZYAD90,988_B05
GEX,Macaque,nemo-tmp-3j7ngyh-mtx-2057_240930,JobIdMZ0R7JLT,1068_B07
ATAC,Macaque,nemo-tmp-tf7dxqn-atx-565_240930,JobIdMZ0R7JLT,1068_B07
ATAC,Human,nemo-tmp-cg4rszm-atx-544_240930,JobIdMZGIJMOA,930_E05
GEX,Human,nemo-tmp-vizdo6g-mtx-2037_240930,JobIdMZGIJMOA,930_E05
GEX,Human,nemo-tmp-tkinxuj-mtx-22014,JobIdN1CV7S3C,2517_C05
ATAC,Human,nemo-tmp-ja6zqeh-atx-26014,JobIdN1CV7S3C,2517_C05
GEX,Human,nemo-tmp-j6wixbd-mtx-12028,JobIdN3V90RWX,2012_A05
ATAC,Human,nemo-tmp-re9k4ha-atx-16028,JobIdN3V90RWX,2012_A05
ATAC,Macaque,nemo-tmp-2j3v5nz-atx-539_240930,JobIdNC00UEGX,897_C03
GEX,Macaque,nemo-tmp-e6aivba-mtx-2033_240930,JobIdNC00UEGX,897_C03
GEX,Human,nemo-tmp-uymn2ny-mtx-2026_240930,JobIdNDI0XWBU,853_B07
ATAC,Human,nemo-tmp-dof8dj2-atx-532_240930,JobIdNDI0XWBU,853_B07
ATAC,Human,nemo-tmp-ntgfy8h-atx-26006,JobIdNHERBQKN,2414_E01
GEX,Human,nemo-tmp-kfpwd2t-mtx-22006,JobIdNHERBQKN,2414_E01
GEX,Macaque,nemo-tmp-gsmddiz-mtx-2038_240930,JobIdNJGOPSD9,936_C03
ATAC,Macaque,nemo-tmp-484nrzt-atx-546_240930,JobIdNJGOPSD9,936_C03
GEX,Macaque,nemo-tmp-cxnf7i9-mtx-2072_240930,JobIdNM085G3M,1169_B01
ATAC,Macaque,nemo-tmp-5vhmiwj-atx-580_240930,JobIdNM085G3M,1169_B01
GEX,Macaque,nemo-tmp-i765csf-mtx-2056_240930,JobIdNN35L02F,1061_C04
ATAC,Macaque,nemo-tmp-cpct4fm-atx-564_240930,JobIdNN35L02F,1061_C04
GEX,Human,nemo-tmp-n87bfqz-mtx-22008,JobIdNRBMA3J2,2447_B06
ATAC,Human,nemo-tmp-gtboafk-atx-26008,JobIdNRBMA3J2,2447_B06
ATAC,Macaque,nemo-tmp-f7p3sez-atx-524_240930,JobIdO1C1RPHL,774_B06
GEX,Macaque,nemo-tmp-s8rbsyn-mtx-2019_240930,JobIdO1C1RPHL,774_B06
ATAC,Human,nemo-tmp-xudp65w-atx-553_240930,JobIdO76FUCG0,994_C03
GEX,Human,nemo-tmp-nmhcfcj-mtx-2045_240930,JobIdO76FUCG0,994_C03
ATAC,Human,nemo-tmp-drtxgjt-atx-16081,JobIdOLHIZD03,2328_C03
GEX,Human,nemo-tmp-rgqmx4n-mtx-12081,JobIdOLHIZD03,2328_C03
GEX,Human,nemo-tmp-yv48pvr-mtx-12071,JobIdOPS4QVKA,2275_E02
ATAC,Human,nemo-tmp-ubd74pb-atx-16071,JobIdOPS4QVKA,2275_E02
GEX,Human,nemo-tmp-jisbs54-mtx-12070,JobIdOXBORWLX,2271_A08
ATAC,Human,nemo-tmp-rhvb43m-atx-16070,JobIdOXBORWLX,2271_A08
ATAC,Human,nemo-tmp-vyhxjan-atx-26007,JobIdOXI042CO,2435_E06
GEX,Human,nemo-tmp-9ysnmy4-mtx-22007,JobIdOXI042CO,2435_E06
ATAC,Human,nemo-tmp-mu6mrbc-atx-26003,JobIdP0JDCZWX,2368_B02
GEX,Human,nemo-tmp-vnompii-mtx-22003,JobIdP0JDCZWX,2368_B02
ATAC,Human,nemo-tmp-mu6mrbc-atx-26003,JobIdP77C415C,2372_C04
GEX,Human,nemo-tmp-vnompii-mtx-22003,JobIdP77C415C,2372_C04
GEX,Human,nemo-tmp-cxnf7i9-mtx-2072_240930,JobIdPAVWQ35S,1169_A01
ATAC,Human,nemo-tmp-5vhmiwj-atx-580_240930,JobIdPAVWQ35S,1169_A01
GEX,Human,nemo-tmp-7scg7zn-mtx-22016,JobIdPBTH2FQ7,2551_1_F01
ATAC,Human,nemo-tmp-6u8nrxi-atx-26016,JobIdPBTH2FQ7,2551_1_F01
ATAC,Human,nemo-tmp-3rgysjs-atx-16067,JobIdPC2AMZOH,2253_C01
GEX,Human,nemo-tmp-z7a5jdb-mtx-12067,JobIdPC2AMZOH,2253_C01
GEX,Macaque,nemo-tmp-r3ekpzm-mtx-12036,JobIdPJL1RK58,2054_A08
ATAC,Macaque,nemo-tmp-8z28sp8-atx-16036,JobIdPJL1RK58,2054_A08
ATAC,Macaque,nemo-tmp-gscve9p-atx-533_240930,JobIdPMHRLQZC,810_C02
GEX,Macaque,nemo-tmp-rcr7ow9-mtx-2027_240930,JobIdPMHRLQZC,810_C02
GEX,Human,nemo-tmp-j6wixbd-mtx-12028,JobIdPQ4WBR6T,2012_B05
ATAC,Human,nemo-tmp-re9k4ha-atx-16028,JobIdPQ4WBR6T,2012_B05
ATAC,Macaque,nemo-tmp-c3mporv-atx-16049,JobIdPRB2MMOM,2115_C10
GEX,Macaque,nemo-tmp-4pdng8t-mtx-12049,JobIdPRB2MMOM,2115_C10
ATAC,Human,nemo-tmp-usju7qe-atx-16080,JobIdPSYT0AAP,2326_F01
GEX,Human,nemo-tmp-utjmoiq-mtx-12080,JobIdPSYT0AAP,2326_F01
ATAC,Human,nemo-tmp-drtxgjt-atx-16081,JobIdPUOYTZLP,2330_A09
GEX,Human,nemo-tmp-rgqmx4n-mtx-12081,JobIdPUOYTZLP,2330_A09
GEX,Human,nemo-tmp-kfgsjb7-mtx-2032_240930,JobIdPWTSHRT3,891_A06
ATAC,Human,nemo-tmp-eki2xqt-atx-538_240930,JobIdPWTSHRT3,891_A06
ATAC,Human,nemo-tmp-usju7qe-atx-16080,JobIdPYPPYRAG,2328_B03
GEX,Human,nemo-tmp-utjmoiq-mtx-12080,JobIdPYPPYRAG,2328_B03
GEX,Macaque,nemo-tmp-37nd9d4-mtx-12039,JobIdQ07IP9NS,2067_B02
ATAC,Macaque,nemo-tmp-ghigq8y-atx-16039,JobIdQ07IP9NS,2067_B02
GEX,Human,nemo-tmp-jisbs54-mtx-12070,JobIdQ0IIETB5,2271_B08
ATAC,Human,nemo-tmp-rhvb43m-atx-16070,JobIdQ0IIETB5,2271_B08
ATAC,Human,nemo-tmp-eyyykmn-atx-621_240930,JobIdQ3NAWEMH,1482_A03
GEX,Human,nemo-tmp-imzpw9a-mtx-2113_240930,JobIdQ3NAWEMH,1482_A03
ATAC,Human,nemo-tmp-mu6mrbc-atx-26003,JobIdQ3OWHEUK,2377_A07
GEX,Human,nemo-tmp-vnompii-mtx-22003,JobIdQ3OWHEUK,2377_A07
GEX,Macaque,nemo-tmp-b47534u-mtx-2132,JobIdQ6RB6JQN,1697_C04
ATAC,Macaque,nemo-tmp-cee5orq-atx-640,JobIdQ6RB6JQN,1697_C04
GEX,Human,nemo-tmp-jt7ufhj-mtx-12069,JobIdQII4F4A2,2269_1_E06
ATAC,Human,nemo-tmp-fxm4kk7-atx-16069,JobIdQII4F4A2,2269_1_E06
GEX,Human,nemo-tmp-hcv77z4-mtx-12022,JobIdQMVRWVZN,1959_B02
ATAC,Human,nemo-tmp-mcoddzo-atx-16022,JobIdQMVRWVZN,1959_B02
ATAC,Human,nemo-tmp-zxcmaem-atx-559_240930,JobIdQVJ0YQ1Z,1036_C03
GEX,Human,nemo-tmp-b9jymr6-mtx-2051_240930,JobIdQVJ0YQ1Z,1036_C03
ATAC,Macaque,nemo-tmp-r2c9kq2-atx-589_240930,JobIdR0RGHT8S,1228_A07
GEX,Macaque,nemo-tmp-u2tz9z6-mtx-2081_240930,JobIdR0RGHT8S,1228_A07
GEX,Human,nemo-tmp-tkinxuj-mtx-22014,JobIdRBQUIBYJ,2526_E01
ATAC,Human,nemo-tmp-ja6zqeh-atx-26014,JobIdRBQUIBYJ,2526_E01
GEX,Human,nemo-tmp-tkinxuj-mtx-22014,JobIdRFJWUOIU,2530_A02
ATAC,Human,nemo-tmp-ja6zqeh-atx-26014,JobIdRFJWUOIU,2530_A02
GEX,Human,nemo-tmp-tkinxuj-mtx-22014,JobIdRIL5FP1Y,2531_C03
ATAC,Human,nemo-tmp-ja6zqeh-atx-26014,JobIdRIL5FP1Y,2531_C03
GEX,Human,nemo-tmp-55i6me2-mtx-12021,JobIdRKY6Y0QK,1955_B06
ATAC,Human,nemo-tmp-mq6rxp8-atx-16021,JobIdRKY6Y0QK,1955_B06
GEX,Human,nemo-tmp-tkinxuj-mtx-22014,JobIdRM4HR1OK,2511_B02
ATAC,Human,nemo-tmp-ja6zqeh-atx-26014,JobIdRM4HR1OK,2511_B02
ATAC,Human,nemo-tmp-9ufs6jm-atx-554_240930,JobIdRQX6262B,1001_A06
GEX,Human,nemo-tmp-cv9r4dg-mtx-2046_240930,JobIdRQX6262B,1001_A06
GEX,Human,nemo-tmp-q9hdqra-mtx-12072,JobIdRT81G6RD,2283_A08
ATAC,Human,nemo-tmp-fmb4ios-atx-16072,JobIdRT81G6RD,2283_A08
GEX,Human,nemo-tmp-j6wixbd-mtx-12028,JobIdRUZL4IDX,2018_C01
ATAC,Human,nemo-tmp-re9k4ha-atx-16028,JobIdRUZL4IDX,2018_C01
GEX,Macaque,nemo-ingestqa-d4xvybx,JobIdS3GTR8X8,1751_B02
ATAC,Macaque,nemo-ingestqa-hrmfmgj,JobIdS3GTR8X8,1751_B02
ATAC,Macaque,nemo-tmp-6gh9xvq-atx-645,JobIdS634P674,1724_A06
GEX,Macaque,nemo-tmp-qxgcsac-mtx-2137,JobIdS634P674,1724_A06
GEX,Human,nemo-tmp-oed9eaj-mtx-22002,JobIdSIYZ3U99,2357_F03
ATAC,Human,nemo-tmp-qa62kgx-atx-26002,JobIdSIYZ3U99,2357_F03
ATAC,Human,nemo-tmp-9miczas-atx-16027,JobIdSJHS9GVF,2006_A05
GEX,Human,nemo-tmp-jt7on96-mtx-12027,JobIdSJHS9GVF,2006_A05
ATAC,Human,nemo-tmp-78ftm8n-atx-16065,JobIdSJR5649N,2235_E03
GEX,Human,nemo-tmp-edrop6p-mtx-12065,JobIdSJR5649N,2235_E03
ATAC,Human,nemo-tmp-t3evm2x-atx-26015,JobIdSQ7FK3N3,2531_A03
GEX,Human,nemo-tmp-vix475k-mtx-22015,JobIdSQ7FK3N3,2531_A03
GEX,Macaque,nemo-tmp-i765csf-mtx-2056_240930,JobIdSRJQVFNS,1061_B04
ATAC,Macaque,nemo-tmp-cpct4fm-atx-564_240930,JobIdSRJQVFNS,1061_B04
ATAC,Macaque,nemo-tmp-cpct4fm-atx-564_240930,JobIdSW7AZCAQ,1061_D04
GEX,Macaque,nemo-tmp-3j7ngyh-mtx-2057_240930,JobIdSW7AZCAQ,1061_D04
ATAC,Human,nemo-tmp-i69ivet-atx-596_240930,JobIdTCME6IQ3,1279_A07
GEX,Human,nemo-tmp-kdpai5e-mtx-2088_240930,JobIdTCME6IQ3,1279_A07
ATAC,Human,nemo-tmp-mu6mrbc-atx-26003,JobIdTK1SURER,2370_C03
GEX,Human,nemo-tmp-vnompii-mtx-22003,JobIdTK1SURER,2370_C03
ATAC,Human,nemo-tmp-p5566zg-atx-16076,JobIdTLAA4DIX,2305_B01
GEX,Human,nemo-tmp-b3zzxsa-mtx-12076,JobIdTLAA4DIX,2305_B01
GEX,Human,nemo-tmp-tkinxuj-mtx-22014,JobIdTTIHHRXL,2517_A05
ATAC,Human,nemo-tmp-ja6zqeh-atx-26014,JobIdTTIHHRXL,2517_A05
ATAC,Human,nemo-tmp-9miczas-atx-16027,JobIdTWEHOIY0,2013_B01
GEX,Human,nemo-tmp-jt7on96-mtx-12027,JobIdTWEHOIY0,2013_B01
GEX,Human,nemo-tmp-ftcjytu-mtx-12063,JobIdTZPF9XZ8,2229_A06
ATAC,Human,nemo-tmp-oh8hzcv-atx-16063,JobIdTZPF9XZ8,2229_A06
GEX,Human,nemo-tmp-jt7ufhj-mtx-12069,JobIdU9W98RQV,2269_1_D06
ATAC,Human,nemo-tmp-fxm4kk7-atx-16069,JobIdU9W98RQV,2269_1_D06
ATAC,Human,nemo-tmp-t3evm2x-atx-26015,JobIdUE8VIV2A,2540_B02
GEX,Human,nemo-tmp-vix475k-mtx-22015,JobIdUE8VIV2A,2540_B02
GEX,Human,nemo-tmp-n87bfqz-mtx-22008,JobIdUE9NXAQW,2447_C06
ATAC,Human,nemo-tmp-gtboafk-atx-26008,JobIdUE9NXAQW,2447_C06
ATAC,Human,nemo-tmp-7wc6a54-atx-16068,JobIdUIW12NMJ,2263_B01
GEX,Human,nemo-tmp-sjdgvv3-mtx-12068,JobIdUIW12NMJ,2263_B01
GEX,Human,nemo-tmp-55i6me2-mtx-12021,JobIdUM3SLWXN,1955_C06
ATAC,Human,nemo-tmp-mq6rxp8-atx-16021,JobIdUM3SLWXN,1955_C06
GEX,Macaque,nemo-tmp-gsmddiz-mtx-2038_240930,JobIdUPDK71KH,936_B03
ATAC,Macaque,nemo-tmp-484nrzt-atx-546_240930,JobIdUPDK71KH,936_B03
ATAC,Macaque,nemo-tmp-ihadgw2-atx-541_240930,JobIdV70TDIZG,911_D03
GEX,Macaque,nemo-tmp-79r3ggk-mtx-2034_240930,JobIdV70TDIZG,911_D03
GEX,Human,nemo-tmp-yv48pvr-mtx-12071,JobIdVEKIRNG9,2277_C04
ATAC,Human,nemo-tmp-ubd74pb-atx-16071,JobIdVEKIRNG9,2277_C04
GEX,Macaque,nemo-tmp-x59ptp8-mtx-12040,JobIdVGG3728J,2069_B04
ATAC,Macaque,nemo-tmp-hfu7zxo-atx-16040,JobIdVGG3728J,2069_B04
ATAC,Human,nemo-tmp-wcsvnzo-atx-26010,JobIdVIDJRA7D,2471_C04
GEX,Human,nemo-tmp-mxhwwck-mtx-22010,JobIdVIDJRA7D,2471_C04
GEX,Macaque,nemo-tmp-r3ekpzm-mtx-12036,JobIdVOLE37T9,2054_C08
ATAC,Macaque,nemo-tmp-8z28sp8-atx-16036,JobIdVOLE37T9,2054_C08
ATAC,Macaque,nemo-tmp-gscve9p-atx-533_240930,JobIdVP8PKBOL,810_B02
GEX,Macaque,nemo-tmp-rcr7ow9-mtx-2027_240930,JobIdVP8PKBOL,810_B02
ATAC,Macaque,nemo-tmp-ferepkk-atx-16029,JobIdVRIBJ2QK,2021_B04
GEX,Macaque,nemo-tmp-tkwnwbm-mtx-12029,JobIdVRIBJ2QK,2021_B04
ATAC,Human,nemo-tmp-bs2qxz6-atx-549_240930,JobIdVYHOA6L3,960_B03
GEX,Human,nemo-tmp-rihkizf-mtx-2041_240930,JobIdVYHOA6L3,960_B03
GEX,Macaque,nemo-tmp-9k2w2aq-mtx-12031,JobIdW2EHL2P4,2035_C01
ATAC,Macaque,nemo-tmp-h45chud-atx-16031,JobIdW2EHL2P4,2035_C01
GEX,Macaque,nemo-tmp-y4vqtod-mtx-12056,JobIdWAZQROPY,2179_1_G01
ATAC,Macaque,nemo-tmp-ehejybp-atx-16056,JobIdWAZQROPY,2179_1_G01
GEX,Macaque,nemo-tmp-x59ptp8-mtx-12040,JobIdWB108JYR,2069_C04
ATAC,Macaque,nemo-tmp-hfu7zxo-atx-16040,JobIdWB108JYR,2069_C04
GEX,Human,nemo-tmp-q9hdqra-mtx-12072,JobIdWL5JGFQ7,2278_C05
ATAC,Human,nemo-tmp-fmb4ios-atx-16072,JobIdWL5JGFQ7,2278_C05
GEX,Macaque,nemo-tmp-b47534u-mtx-2132,JobIdWPNXAAF2,1697_A04
ATAC,Macaque,nemo-tmp-cee5orq-atx-640,JobIdWPNXAAF2,1697_A04
GEX,Human,nemo-tmp-jt7ufhj-mtx-12069,JobIdWRYVFTOS,2263_E01
ATAC,Human,nemo-tmp-fxm4kk7-atx-16069,JobIdWRYVFTOS,2263_E01
GEX,Human,nemo-tmp-2vmhygm-mtx-2036_240930,JobIdWS5MMBMS,925_F03
ATAC,Human,nemo-tmp-jm7a5dz-atx-543_240930,JobIdWS5MMBMS,925_F03
ATAC,Human,nemo-tmp-vd9om9p-atx-16064,JobIdWW2ETUXT,2233_1_D02
GEX,Human,nemo-tmp-na5guth-mtx-12064,JobIdWW2ETUXT,2233_1_D02
ATAC,Macaque,nemo-tmp-ihadgw2-atx-541_240930,JobIdWXIGUWDM,911_B03
GEX,Macaque,nemo-tmp-79r3ggk-mtx-2034_240930,JobIdWXIGUWDM,911_B03
ATAC,Human,nemo-tmp-t4o8gu2-atx-560_240930,JobIdX3XJ3QFX,1042_B06
GEX,Human,nemo-tmp-grjkufn-mtx-2052_240930,JobIdX3XJ3QFX,1042_B06
ATAC,Macaque,nemo-tmp-c3mporv-atx-16049,JobIdX5ETJ6W0,2115_B10
GEX,Macaque,nemo-tmp-4pdng8t-mtx-12049,JobIdX5ETJ6W0,2115_B10
GEX,Human,nemo-tmp-tkinxuj-mtx-22014,JobIdXC7EWX9B,2526_A01
ATAC,Human,nemo-tmp-ja6zqeh-atx-26014,JobIdXC7EWX9B,2526_A01
ATAC,Human,nemo-tmp-p5566zg-atx-16076,JobIdXIC3A6Y8,2305_D01
GEX,Human,nemo-tmp-b3zzxsa-mtx-12076,JobIdXIC3A6Y8,2305_D01
ATAC,Human,nemo-tmp-vyhxjan-atx-26007,JobIdXL8PDPS3,2433_1_G04
GEX,Human,nemo-tmp-9ysnmy4-mtx-22007,JobIdXL8PDPS3,2433_1_G04
ATAC,Human,nemo-tmp-zxcmaem-atx-559_240930,JobIdXPYYZ22J,1036_A03
GEX,Human,nemo-tmp-b9jymr6-mtx-2051_240930,JobIdXPYYZ22J,1036_A03
ATAC,Human,nemo-tmp-op2jsus-atx-572_240930,JobIdXPZF2VE8,1110_B07
GEX,Human,nemo-tmp-8rinctp-mtx-2064_240930,JobIdXPZF2VE8,1110_B07
ATAC,Macaque,nemo-tmp-2j3v5nz-atx-539_240930,JobIdXRP5SJ4T,897_D03
GEX,Macaque,nemo-tmp-e6aivba-mtx-2033_240930,JobIdXRP5SJ4T,897_D03
ATAC,Human,nemo-tmp-hdudcqi-atx-552_240930,JobIdXXV2895Y,988_E05
GEX,Human,nemo-tmp-xkcxbnt-mtx-2044_240930,JobIdXXV2895Y,988_E05
ATAC,Macaque,nemo-tmp-rsuhwqf-atx-531_240930,JobIdXYZ4644M,810_E02
GEX,Macaque,nemo-tmp-vtaprk9-mtx-2025_240930,JobIdXYZ4644M,810_E02
ATAC,Human,nemo-tmp-op2jsus-atx-572_240930,JobIdY1TR1L0N,1110_A07
GEX,Human,nemo-tmp-8rinctp-mtx-2064_240930,JobIdY1TR1L0N,1110_A07
GEX,Macaque,nemo-tmp-x59ptp8-mtx-12040,JobIdYANHDI2D,2077_F02
ATAC,Macaque,nemo-tmp-hfu7zxo-atx-16040,JobIdYANHDI2D,2077_F02
ATAC,Macaque,nemo-tmp-ow8rtj6-atx-542_240930,JobIdYG2OQ2JU,919_B06
GEX,Macaque,nemo-tmp-48jb983-mtx-2035_240930,JobIdYG2OQ2JU,919_B06
GEX,Human,nemo-tmp-oed9eaj-mtx-22002,JobIdYN26O6RV,2357_E03
ATAC,Human,nemo-tmp-qa62kgx-atx-26002,JobIdYN26O6RV,2357_E03
GEX,Macaque,nemo-tmp-s5iqo4t-mtx-12048,JobIdYQVQH1QR,2103_D02
ATAC,Macaque,nemo-tmp-b5f5kga-atx-16048,JobIdYQVQH1QR,2103_D02
ATAC,Human,nemo-tmp-mu6mrbc-atx-26003,JobIdYQX26UST,2368_F02
GEX,Human,nemo-tmp-vnompii-mtx-22003,JobIdYQX26UST,2368_F02
GEX,Human,nemo-tmp-jisbs54-mtx-12070,JobIdYWAC5CJB,2269_1_F06
ATAC,Human,nemo-tmp-rhvb43m-atx-16070,JobIdYWAC5CJB,2269_1_F06
ATAC,Human,nemo-tmp-p5566zg-atx-16076,JobIdYX5M3N2A,2306_A02
GEX,Human,nemo-tmp-b3zzxsa-mtx-12076,JobIdYX5M3N2A,2306_A02
ATAC,Human,nemo-tmp-t3evm2x-atx-26015,JobIdYYX48M3F,2531_1_D03
GEX,Human,nemo-tmp-vix475k-mtx-22015,JobIdYYX48M3F,2531_1_D03
GEX,Human,nemo-tmp-q9hdqra-mtx-12072,JobIdYZNNVH0H,2283_B08
ATAC,Human,nemo-tmp-fmb4ios-atx-16072,JobIdYZNNVH0H,2283_B08
ATAC,Human,nemo-tmp-vyhxjan-atx-26007,JobIdZ0SB99XK,2440_1_D02
GEX,Human,nemo-tmp-9ysnmy4-mtx-22007,JobIdZ0SB99XK,2440_1_D02
GEX,Human,nemo-tmp-oed9eaj-mtx-22002,JobIdZ2YHDPC8,2362_1_D05
ATAC,Human,nemo-tmp-qa62kgx-atx-26002,JobIdZ2YHDPC8,2362_1_D05
GEX,Human,nemo-tmp-vizdo6g-mtx-2037_240930,JobIdZ3I3U79C,930_A05
ATAC,Human,nemo-tmp-jm7a5dz-atx-543_240930,JobIdZ3I3U79C,930_A05
GEX,Human,nemo-tmp-tkinxuj-mtx-22014,JobIdZKV0A56M,2513_B04
ATAC,Human,nemo-tmp-ja6zqeh-atx-26014,JobIdZKV0A56M,2513_B04
ATAC,Human,nemo-tmp-p5566zg-atx-16076,JobIdZL5PQ8B1,2305_C01
GEX,Human,nemo-tmp-b3zzxsa-mtx-12076,JobIdZL5PQ8B1,2305_C01
ATAC,Human,nemo-tmp-mu6mrbc-atx-26003,JobIdZWKDCI2O,2370_A03
GEX,Human,nemo-tmp-vnompii-mtx-22003,JobIdZWKDCI2O,2370_A03
